{"_wandb":{"runtime":72},"loss":1.9748694896697998,"_timestamp":1.7321202424273055e+09,"_runtime":72.5792289,"_step":4}