{"_wandb":{"runtime":40},"_timestamp":1.7321215747659073e+09,"_runtime":40.116807,"_step":4990,"loss":1.2324068546295166,"accuracy":0.671875}