{"_timestamp":1.732121429683409e+09,"_runtime":76.8330329,"_step":4990,"loss":0.004015007987618446,"_wandb":{"runtime":76},"accuracy":1}