{"_runtime":85.3722199,"_step":4999,"accuracy":1,"_wandb":{"runtime":85},"loss":0.013716047629714012,"_timestamp":1.732120436861105e+09}